Model,Accuracy,Precision,Recall,F1-Score,ROC-AUC
SVM,0.6578947368421053,0.6666666666666666,0.9166666666666666,0.7719298245614035,0.6339285714285714
Logistic Regression,0.631578947368421,0.631578947368421,1.0,0.7741935483870968,0.4464285714285714
Random Forest,0.5526315789473685,0.6206896551724138,0.75,0.6792452830188679,0.5505952380952381
K-Nearest Neighbors,0.5263157894736842,0.6071428571428571,0.7083333333333334,0.6538461538461539,0.5788690476190477
Naive Bayes,0.5263157894736842,0.6153846153846154,0.6666666666666666,0.64,0.45535714285714285
Decision Tree,0.47368421052631576,0.5833333333333334,0.5833333333333334,0.5833333333333334,0.43452380952380953
