,Age,BMI,PASI,BSA,Amide_Bond_1_Structure,Amide_Bond_1_Content,Amide_Bond_2_Structure,Amide_Bond_2_Content,Disulfide_Bond_Content
count,125.0,125.0,125.0,125.0,125.0,125.0,125.0,125.0,125.0
mean,44.144,24.50990637896,6.1344,6.540000000000001,1637.9040000000002,10.160079999999999,1533.4188800000002,6.581759999999998,0.223832
std,14.372747509357492,3.1978990182126044,6.545893861926949,9.866185326823421,2.22606444273873,4.414066316352903,3.453683451135229,2.989568709858956,0.1406653966206743
min,12.0,17.36,0.0,0.0,1632.36,2.01,1521.55,1.22,0.002
25%,34.0,22.12,0.8,0.2,1636.46,6.81,1532.56,4.14,0.12
50%,45.0,24.3,4.7,3.1,1637.49,9.87,1533.86,6.26,0.21
75%,55.0,26.51,10.0,8.6,1639.53,13.27,1534.88,8.49,0.32
max,74.0,32.65,37.9,71.9,1645.69,20.65,1539.94,13.75,0.65
